{"single_row_table_data": {"Name": "Carlos Arroyo", "ShortName": "Carlos Arroyo", "TeamAbbreviation": "UTA", "SecondsPlayed": 1592.0, "GamesPlayed": 3, "Minutes": 27, "PlusMinus": 5, "OffPoss": 48, "DefPoss": 47, "PenaltyOffPoss": 27, "PenaltyDefPoss": 22, "SecondChanceOffPoss": 11, "TotalPoss": 95, "AtRimFGA": 1, "PenaltyAtRimFGA": 1, "ShortMidRangeFGM": 1, "ShortMidRangeFGA": 3, "LongMidRangeFGM": 2, "LongMidRangeFGA": 5, "FG2M": 3, "FG2A": 9, "FtPoints": 3, "Points": 9, "OpponentPoints": 54, "SecondChanceFG2M": 3, "SecondChanceFG2A": 4, "SecondChanceFtPoints": 1, "SecondChancePoints": 7, "PenaltyFG2M": 2, "PenaltyFG2A": 6, "PenaltyFtPoints": 2, "PenaltyPoints": 6, "PtsAssisted2s": 4, "PtsUnassisted2s": 2, "TwoPtAssists": 3, "ThreePtAssists": 2, "Assists": 5, "Arc3Assists": 1, "Corner3Assists": 1, "AtRimAssists": 2, "LongMidRangeAssists": 1, "AssistPoints": 12, "OffTwoPtRebounds": 2, "OffRebounds": 2, "Rebounds": 2, "ShootingFouls": 1, "Fouls": 2, "FTA": 4, "TwoPtShootingFoulsDrawn": 2, "FirstChancePoints": 2, "PenaltyPointsExcludingTakeFouls": 6, "PenaltyOffPossExcludingTakeFouls": 27, "OnOffRtg": 122.91666666666667, "OnDefRtg": 114.8936170212766, "Assisted2sPct": 0.6666666666666666, "NonPutbacksAssisted2sPct": 0.6666666666666666, "Fg2Pct": 0.3333333333333333, "SecondChanceFg2Pct": 0.75, "PenaltyFg2Pct": 0.3333333333333333, "EfgPct": 0.3333333333333333, "SecondChanceEfgPct": 0.75, "PenaltyEfgPct": 0.3333333333333333, "TsPct": 0.4090909090909091, "SecondChanceTsPct": 0.7, "PenaltyTsPct": 0.42857142857142855, "Usage": 18.64406779661017, "OffTwoPtReboundPct": 0.11764705882352941, "OffFGReboundPct": 0.08695652173913043, "OffAtRimReboundPct": 0.25, "OffShortMidRangeReboundPct": 0.16666666666666666, "AtRimFrequency": 0.1111111111111111, "ShortMidRangeFrequency": 0.3333333333333333, "ShortMidRangeAccuracy": 0.3333333333333333, "UnblockedShortMidRangeAccuracy": 0.3333333333333333, "LongMidRangeFrequency": 0.5555555555555556, "LongMidRangeAccuracy": 0.4, "UnblockedLongMidRangeAccuracy": 0.4, "LongMidRangePctAssisted": 1.0, "PenaltyAtRimFrequency": 0.16666666666666666, "AtRimFG3AFrequency": 0.1111111111111111, "ShotQualityAvg": 0.3779222222222222, "SecondChanceShotQualityAvg": 0.3622666666666667, "PenaltyShotQualityAvg": 0.38431666666666664, "ShootingFoulsDrawnPct": 0.18181818181818182, "TwoPtShootingFoulsDrawnPct": 0.18181818181818182, "SecondChancePointsPct": 0.7777777777777778, "PenaltyPointsPct": 0.6666666666666666, "Avg2ptShotDistance": 13.555555555555555, "AtRimOffReboundedPct": 1.0, "LongMidRangeOffReboundedPct": 0.3333333333333333, "PenaltyOffPossPct": 0.5625}, "multi_row_table_data": [{"Minutes": "17:45", "PlusMinus": 7, "OffPoss": 33, "DefPoss": 32, "PenaltyOffPoss": 17, "PenaltyDefPoss": 7, "SecondChanceOffPoss": 6, "TotalPoss": 65, "AtRimFGA": 1, "PenaltyAtRimFGA": 1, "ShortMidRangeFGM": 1, "ShortMidRangeFGA": 2, "LongMidRangeFGM": 1, "LongMidRangeFGA": 2, "FG2M": 2, "FG2A": 5, "FtPoints": 2, "Points": 6, "SecondChanceFG2M": 2, "SecondChanceFG2A": 2, "SecondChancePoints": 4, "PenaltyFG2M": 2, "PenaltyFG2A": 3, "PenaltyFtPoints": 2, "PenaltyPoints": 6, "PtsAssisted2s": 2, "PtsUnassisted2s": 2, "TwoPtAssists": 1, "ThreePtAssists": 2, "Assists": 3, "Arc3Assists": 1, "Corner3Assists": 1, "AtRimAssists": 1, "AssistPoints": 8, "OffTwoPtRebounds": 1, "OffRebounds": 1, "Rebounds": 1, "ShootingFouls": 1, "Fouls": 1, "FTA": 2, "TwoPtShootingFoulsDrawn": 1, "FirstChancePoints": 2, "PenaltyPointsExcludingTakeFouls": 6, "PenaltyOffPossExcludingTakeFouls": 17, "OnOffRtg": 136.36363636363635, "OnDefRtg": 118.75, "Assisted2sPct": 0.5, "NonPutbacksAssisted2sPct": 0.5, "Fg2Pct": 0.4, "SecondChanceFg2Pct": 1.0, "PenaltyFg2Pct": 0.6666666666666666, "EfgPct": 0.4, "SecondChanceEfgPct": 1.0, "PenaltyEfgPct": 0.6666666666666666, "TsPct": 0.5, "SecondChanceTsPct": 1.0, "PenaltyTsPct": 0.75, "Usage": 15.384615384615383, "OffTwoPtReboundPct": 0.1111111111111111, "OffFGReboundPct": 0.07142857142857142, "OffShortMidRangeReboundPct": 0.2, "AtRimFrequency": 0.2, "ShortMidRangeFrequency": 0.4, "ShortMidRangeAccuracy": 0.5, "UnblockedShortMidRangeAccuracy": 0.5, "LongMidRangeFrequency": 0.4, "LongMidRangeAccuracy": 0.5, "UnblockedLongMidRangeAccuracy": 0.5, "LongMidRangePctAssisted": 1.0, "PenaltyAtRimFrequency": 0.3333333333333333, "AtRimFG3AFrequency": 0.2, "ShotQualityAvg": 0.39782, "SecondChanceShotQualityAvg": 0.3707, "PenaltyShotQualityAvg": 0.41419999999999996, "ShootingFoulsDrawnPct": 0.16666666666666666, "TwoPtShootingFoulsDrawnPct": 0.16666666666666666, "SecondChancePointsPct": 0.6666666666666666, "PenaltyPointsPct": 1.0, "Avg2ptShotDistance": 11.379999999999999, "AtRimOffReboundedPct": 1.0, "LongMidRangeOffReboundedPct": 1.0, "PenaltyOffPossPct": 0.5151515151515151, "Date": "2003-04-21", "GameId": "0040200152", "Team": "UTA", "Opponent": "SAC"}, {"Minutes": "02:45", "PlusMinus": -2, "OffPoss": 5, "DefPoss": 6, "PenaltyOffPoss": 5, "PenaltyDefPoss": 6, "SecondChanceOffPoss": 1, "TotalPoss": 11, "ShortMidRangeFGA": 1, "LongMidRangeFGA": 1, "FG2A": 2, "SecondChanceFG2A": 1, "PenaltyFG2A": 2, "PenaltyOffPossExcludingTakeFouls": 5, "OnOffRtg": 20.0, "OnDefRtg": 50.0, "Usage": 33.333333333333336, "ShortMidRangeFrequency": 0.5, "LongMidRangeFrequency": 0.5, "ShotQualityAvg": 0.3596, "SecondChanceShotQualityAvg": 0.3672, "PenaltyShotQualityAvg": 0.3596, "Avg2ptShotDistance": 13.45, "PenaltyOffPossPct": 1.0, "Date": "2003-04-28", "GameId": "0040200154", "Team": "UTA", "Opponent": "SAC"}, {"Minutes": "06:02", "OffPoss": 10, "DefPoss": 9, "PenaltyOffPoss": 5, "PenaltyDefPoss": 9, "SecondChanceOffPoss": 4, "TotalPoss": 19, "LongMidRangeFGM": 1, "LongMidRangeFGA": 2, "FG2M": 1, "FG2A": 2, "FtPoints": 1, "Points": 3, "SecondChanceFG2M": 1, "SecondChanceFG2A": 1, "SecondChanceFtPoints": 1, "SecondChancePoints": 3, "PenaltyFG2A": 1, "PtsAssisted2s": 2, "TwoPtAssists": 2, "Assists": 2, "AtRimAssists": 1, "LongMidRangeAssists": 1, "AssistPoints": 4, "OffTwoPtRebounds": 1, "OffRebounds": 1, "Rebounds": 1, "Fouls": 1, "FTA": 2, "TwoPtShootingFoulsDrawn": 1, "PenaltyOffPossExcludingTakeFouls": 5, "OnOffRtg": 130.0, "OnDefRtg": 144.44444444444446, "Assisted2sPct": 1.0, "NonPutbacksAssisted2sPct": 1.0, "Fg2Pct": 0.5, "SecondChanceFg2Pct": 1.0, "EfgPct": 0.5, "SecondChanceEfgPct": 1.0, "TsPct": 0.5, "SecondChanceTsPct": 0.75, "Usage": 21.428571428571427, "OffTwoPtReboundPct": 0.2, "OffFGReboundPct": 0.2, "OffAtRimReboundPct": 1.0, "LongMidRangeFrequency": 1.0, "LongMidRangeAccuracy": 0.5, "UnblockedLongMidRangeAccuracy": 0.5, "LongMidRangePctAssisted": 1.0, "ShotQualityAvg": 0.3465, "SecondChanceShotQualityAvg": 0.3489, "PenaltyShotQualityAvg": 0.3441, "ShootingFoulsDrawnPct": 0.3333333333333333, "TwoPtShootingFoulsDrawnPct": 0.3333333333333333, "SecondChancePointsPct": 1.0, "Avg2ptShotDistance": 19.1, "PenaltyOffPossPct": 0.5, "Date": "2003-04-30", "GameId": "0040200155", "Team": "UTA", "Opponent": "SAC"}]}