{"single_row_table_data":{"Name":"Dee Brown","ShortName":"Dee Brown","TeamAbbreviation":"UTA","SecondsPlayed":3129.0,"GamesPlayed":8,"Minutes":52,"PlusMinus":22,"OffPoss":101,"DefPoss":103,"PenaltyOffPoss":62,"PenaltyDefPoss":64,"SecondChanceOffPoss":20,"TotalPoss":204,"AtRimFGM":5,"AtRimFGA":7,"PenaltyAtRimFGM":2,"PenaltyAtRimFGA":4,"LongMidRangeFGM":1,"LongMidRangeFGA":4,"Corner3FGA":1,"Arc3FGA":5,"PenaltyArc3FGA":2,"FG2M":6,"FG2A":11,"FG3A":6,"FtPoints":1,"Points":13,"OpponentPoints":84,"PenaltyFG2M":3,"PenaltyFG2A":7,"PenaltyFG3A":2,"PenaltyFtPoints":1,"PenaltyPoints":7,"PtsAssisted2s":6,"PtsUnassisted2s":6,"NonHeaveArc3FGA":5,"TwoPtAssists":6,"ThreePtAssists":3,"Assists":9,"Arc3Assists":3,"AtRimAssists":2,"LongMidRangeAssists":4,"AssistPoints":21,"OffTwoPtRebounds":1,"DefTwoPtRebounds":2,"DefRebounds":2,"OffRebounds":1,"Rebounds":3,"SelfOReb":1,"LiveBallTurnovers":2,"BadPassOutOfBoundsTurnovers":1,"BadPassTurnovers":2,"DeadBallTurnovers":2,"Turnovers":4,"PenaltyTurnovers":2,"ShootingFouls":1,"Fouls":1,"FoulsDrawn":3,"FTA":4,"TwoPtShootingFoulsDrawn":1,"NonShootingFoulsDrawn":1,"FirstChancePoints":13,"PenaltyPointsExcludingTakeFouls":7,"PenaltyOffPossExcludingTakeFouls":62,"OnOffRtg":104.95049504950495,"OnDefRtg":81.55339805825243,"Assisted2sPct":0.5,"NonPutbacksAssisted2sPct":0.5,"Fg2Pct":0.5454545454545454,"PenaltyFg2Pct":0.42857142857142855,"EfgPct":0.35294117647058826,"PenaltyEfgPct":0.3333333333333333,"TsPct":0.34210526315789475,"PenaltyTsPct":0.3181818181818182,"FG3APct":0.35294117647058826,"Usage":18.4,"LiveBallTurnoverPct":0.5,"DefTwoPtReboundPct":0.05714285714285714,"OffTwoPtReboundPct":0.02857142857142857,"DefFGReboundPct":0.034482758620689655,"OffFGReboundPct":0.022727272727272728,"OffLongMidRangeReboundPct":0.07142857142857142,"DefLongMidRangeReboundPct":0.14285714285714285,"SelfORebPct":0.09090909090909091,"AtRimFrequency":0.4117647058823529,"AtRimAccuracy":0.7142857142857143,"UnblockedAtRimAccuracy":0.7142857142857143,"AtRimPctAssisted":0.6,"LongMidRangeFrequency":0.23529411764705882,"LongMidRangeAccuracy":0.25,"UnblockedLongMidRangeAccuracy":0.25,"Corner3Frequency":0.058823529411764705,"Arc3Frequency":0.29411764705882354,"PenaltyAtRimFrequency":0.4444444444444444,"PenaltyAtRimAccuracy":0.5,"PenaltyArc3Frequency":0.2222222222222222,"AtRimFG3AFrequency":0.7647058823529411,"ShotQualityAvg":0.559935294117647,"PenaltyShotQualityAvg":0.5673499999999999,"ShootingFoulsDrawnPct":0.05555555555555555,"TwoPtShootingFoulsDrawnPct":0.08333333333333333,"PenaltyPointsPct":0.5384615384615384,"Avg2ptShotDistance":7.127272727272728,"Avg3ptShotDistance":24.96666666666667,"LongMidRangeOffReboundedPct":0.6666666666666666,"ThreePtOffReboundedPct":0.5,"PenaltyOffPossPct":0.6138613861386139},"multi_row_table_data":[{"Minutes":"00:06","DefPoss":1,"PenaltyDefPoss":1,"TotalPoss":1,"Date":"2007-04-23","GameId":"0040600172","Team":"UTA","Opponent":"HOU"},{"Minutes":"02:32","PlusMinus":-10,"OffPoss":6,"DefPoss":6,"PenaltyOffPoss":6,"PenaltyDefPoss":3,"TotalPoss":12,"PenaltyOffPossExcludingTakeFouls":6,"OnOffRtg":33.333333333333336,"OnDefRtg":200.0,"PenaltyOffPossPct":1.0,"Date":"2007-04-28","GameId":"0040600174","Team":"UTA","Opponent":"HOU"},{"Minutes":"12:33","PlusMinus":10,"OffPoss":25,"DefPoss":26,"PenaltyOffPoss":12,"PenaltyDefPoss":13,"SecondChanceOffPoss":2,"TotalPoss":51,"AtRimFGM":3,"AtRimFGA":3,"PenaltyAtRimFGM":1,"PenaltyAtRimFGA":1,"LongMidRangeFGA":1,"Corner3FGA":1,"FG2M":3,"FG2A":4,"FG3A":1,"Points":6,"PenaltyFG2M":1,"PenaltyFG2A":1,"PenaltyPoints":2,"PtsAssisted2s":4,"PtsUnassisted2s":2,"TwoPtAssists":1,"ThreePtAssists":2,"Assists":3,"Arc3Assists":2,"LongMidRangeAssists":1,"AssistPoints":8,"DefTwoPtRebounds":1,"DefRebounds":1,"Rebounds":1,"LiveBallTurnovers":1,"BadPassTurnovers":1,"Turnovers":1,"PenaltyTurnovers":1,"FoulsDrawn":1,"FirstChancePoints":6,"PenaltyPointsExcludingTakeFouls":2,"PenaltyOffPossExcludingTakeFouls":12,"OnOffRtg":96.0,"OnDefRtg":53.84615384615385,"Assisted2sPct":0.6666666666666666,"NonPutbacksAssisted2sPct":0.6666666666666666,"Fg2Pct":0.75,"PenaltyFg2Pct":1.0,"EfgPct":0.6,"PenaltyEfgPct":1.0,"TsPct":0.6,"PenaltyTsPct":1.0,"FG3APct":0.2,"Usage":21.428571428571427,"LiveBallTurnoverPct":1.0,"DefTwoPtReboundPct":0.08333333333333333,"DefFGReboundPct":0.05263157894736842,"DefLongMidRangeReboundPct":0.25,"AtRimFrequency":0.6,"AtRimAccuracy":1.0,"UnblockedAtRimAccuracy":1.0,"AtRimPctAssisted":0.6666666666666666,"LongMidRangeFrequency":0.2,"Corner3Frequency":0.2,"PenaltyAtRimFrequency":1.0,"PenaltyAtRimAccuracy":1.0,"AtRimFG3AFrequency":0.8,"ShotQualityAvg":0.64125,"PenaltyShotQualityAvg":0.8034,"PenaltyPointsPct":0.3333333333333333,"Avg2ptShotDistance":4.95,"Avg3ptShotDistance":22.7,"PenaltyOffPossPct":0.48,"Date":"2007-05-07","GameId":"0040600221","Team":"UTA","Opponent":"GSW"},{"Minutes":"05:52","PlusMinus":2,"OffPoss":12,"DefPoss":12,"SecondChanceOffPoss":3,"TotalPoss":24,"AtRimFGM":1,"AtRimFGA":1,"Arc3FGA":1,"FG2M":1,"FG2A":1,"FG3A":1,"Points":2,"PtsAssisted2s":2,"NonHeaveArc3FGA":1,"TwoPtAssists":1,"Assists":1,"LongMidRangeAssists":1,"AssistPoints":2,"DeadBallTurnovers":1,"Turnovers":1,"ShootingFouls":1,"Fouls":1,"FirstChancePoints":2,"OnOffRtg":125.0,"OnDefRtg":108.33333333333334,"Assisted2sPct":1.0,"NonPutbacksAssisted2sPct":1.0,"Fg2Pct":1.0,"EfgPct":0.5,"TsPct":0.5,"FG3APct":0.5,"Usage":20.0,"AtRimFrequency":0.5,"AtRimAccuracy":1.0,"UnblockedAtRimAccuracy":1.0,"AtRimPctAssisted":1.0,"Arc3Frequency":0.5,"AtRimFG3AFrequency":1.0,"ShotQualityAvg":0.6013,"Avg3ptShotDistance":24.5,"ThreePtOffReboundedPct":1.0,"Date":"2007-05-09","GameId":"0040600222","Team":"UTA","Opponent":"GSW"},{"Minutes":"09:18","PlusMinus":12,"OffPoss":19,"DefPoss":18,"PenaltyOffPoss":13,"PenaltyDefPoss":12,"SecondChanceOffPoss":6,"TotalPoss":37,"LongMidRangeFGM":1,"LongMidRangeFGA":2,"Arc3FGA":2,"PenaltyArc3FGA":1,"FG2M":1,"FG2A":2,"FG3A":2,"Points":2,"PenaltyFG2M":1,"PenaltyFG2A":2,"PenaltyFG3A":1,"PenaltyPoints":2,"PtsUnassisted2s":2,"NonHeaveArc3FGA":2,"TwoPtAssists":2,"Assists":2,"AtRimAssists":1,"LongMidRangeAssists":1,"AssistPoints":4,"FoulsDrawn":1,"FTA":2,"NonShootingFoulsDrawn":1,"FirstChancePoints":2,"PenaltyPointsExcludingTakeFouls":2,"PenaltyOffPossExcludingTakeFouls":13,"OnOffRtg":121.05263157894737,"OnDefRtg":61.111111111111114,"Fg2Pct":0.5,"PenaltyFg2Pct":0.5,"EfgPct":0.25,"PenaltyEfgPct":0.3333333333333333,"TsPct":0.2,"PenaltyTsPct":0.25,"FG3APct":0.5,"Usage":17.857142857142854,"LongMidRangeFrequency":0.5,"LongMidRangeAccuracy":0.5,"UnblockedLongMidRangeAccuracy":0.5,"Arc3Frequency":0.5,"PenaltyArc3Frequency":0.3333333333333333,"AtRimFG3AFrequency":0.5,"ShotQualityAvg":0.3910875,"PenaltyShotQualityAvg":0.37595,"PenaltyPointsPct":1.0,"Avg2ptShotDistance":18.85,"Avg3ptShotDistance":25.95,"LongMidRangeOffReboundedPct":1.0,"ThreePtOffReboundedPct":0.5,"PenaltyOffPossPct":0.6842105263157895,"Date":"2007-05-15","GameId":"0040600225","Team":"UTA","Opponent":"GSW"},{"Minutes":"02:06","PlusMinus":3,"OffPoss":4,"DefPoss":4,"PenaltyOffPoss":4,"PenaltyDefPoss":4,"SecondChanceOffPoss":3,"TotalPoss":8,"PenaltyOffPossExcludingTakeFouls":4,"OnOffRtg":100.0,"OnDefRtg":25.0,"PenaltyOffPossPct":1.0,"Date":"2007-05-26","GameId":"0040600313","Team":"UTA","Opponent":"SAS"},{"Minutes":"01:59","PlusMinus":5,"OffPoss":4,"DefPoss":4,"PenaltyOffPoss":2,"PenaltyDefPoss":4,"TotalPoss":8,"Arc3FGA":1,"PenaltyArc3FGA":1,"FG3A":1,"PenaltyFG3A":1,"NonHeaveArc3FGA":1,"TwoPtAssists":1,"Assists":1,"AtRimAssists":1,"AssistPoints":2,"PenaltyOffPossExcludingTakeFouls":2,"OnOffRtg":150.0,"OnDefRtg":25.0,"FG3APct":1.0,"Usage":25.0,"Arc3Frequency":1.0,"PenaltyArc3Frequency":1.0,"AtRimFG3AFrequency":1.0,"ShotQualityAvg":0.4776,"PenaltyShotQualityAvg":0.4776,"Avg3ptShotDistance":24.4,"PenaltyOffPossPct":0.5,"Date":"2007-05-28","GameId":"0040600314","Team":"UTA","Opponent":"SAS"},{"Minutes":"17:43","OffPoss":31,"DefPoss":32,"PenaltyOffPoss":25,"PenaltyDefPoss":27,"SecondChanceOffPoss":6,"TotalPoss":63,"AtRimFGM":1,"AtRimFGA":3,"PenaltyAtRimFGM":1,"PenaltyAtRimFGA":3,